neighbourhood_group,neighbourhood
Ãlava,AÃ±ana
Ãlava,AlegrÃ­a-Dulantzi
Ãlava,Amurrio
Ãlava,Aramaio
Ãlava,ArmiÃ±Ã³n
Ãlava,Arraia-Maeztu
Ãlava,Arrazua-Ubarrundia
Ãlava,Artziniega
Ãlava,Asparrena
Ãlava,Ayala
Ãlava,BaÃ±os de Ebro
Ãlava,Barrundia
Ãlava,Berantevilla
Ãlava,Bernedo
Ãlava,"Comunidad de Cuartango, IruÃ±a de Oca y Ribera Alta (Sierra Brava de Badaya)"
Ãlava,"Comunidad de LaÃ±o (Condado de TreviÃ±o), PipaÃ³n (LagrÃ¡n) y PeÃ±acerrada-Urizaharra"
Ãlava,Elburgo
Ãlava,Elciego
Ãlava,Elvillar
Ãlava,Eskuernaga
Ãlava,Harana
Ãlava,IruÃ±a Oka
Ãlava,Iruraiz-Gauna
Ãlava,Kanpezu
Ãlava,Kripan
Ãlava,Kuartango
Ãlava,Labastida
Ãlava,LagrÃ¡n
Ãlava,Laguardia
Ãlava,Lanciego
Ãlava,LantarÃ³n
Ãlava,Lapuebla de Labarca
Ãlava,Legutiano
Ãlava,Leza
Ãlava,Llodio
Ãlava,Moreda de Ãlava
Ãlava,Navaridas
Ãlava,Okondo
Ãlava,OyÃ³n
Ãlava,ParzonerÃ­a de Encia (Estado)
Ãlava,PeÃ±acerrada-Urizaharra
Ãlava,Ribera Alta
Ãlava,Ribera Baja
Ãlava,Salvatierra
Ãlava,Samaniego
Ãlava,San MillÃ¡n
Ãlava,UrduÃ±a-OrduÃ±a
Ãlava,Urkabustaiz
Ãlava,ValdegovÃ­a
Ãlava,Vitoria-Gasteiz
Ãlava,YÃ©cora
Ãlava,Zalduondo
Ãlava,Zambrana
Ãlava,Zigoitia
Ãlava,Zuia
GuipÃºzcoa,Abaltzisketa
GuipÃºzcoa,Aduna
GuipÃºzcoa,Aia
GuipÃºzcoa,Aizarnazabal
GuipÃºzcoa,Albiztur
GuipÃºzcoa,Alegia
GuipÃºzcoa,Alkiza
GuipÃºzcoa,Altzaga
GuipÃºzcoa,Altzo
GuipÃºzcoa,Amezketa
GuipÃºzcoa,Andoain
GuipÃºzcoa,Anoeta
GuipÃºzcoa,Antzuola
GuipÃºzcoa,Arama
GuipÃºzcoa,Aretxabaleta
GuipÃºzcoa,Arrasate
GuipÃºzcoa,Asteasu
GuipÃºzcoa,Astigarraga
GuipÃºzcoa,Ataun
GuipÃºzcoa,Azkoitia
GuipÃºzcoa,Azpeitia
GuipÃºzcoa,Baliarrain
GuipÃºzcoa,Beasain
GuipÃºzcoa,Beizama
GuipÃºzcoa,Belauntza
GuipÃºzcoa,Berastegi
GuipÃºzcoa,Bergara
GuipÃºzcoa,Berrobi
GuipÃºzcoa,Bidegoian
GuipÃºzcoa,Comunidad de Amezkete y Ordizia (Sierra de Aralar)
GuipÃºzcoa,Deba
GuipÃºzcoa,Donostia-San SebastiÃ¡n
GuipÃºzcoa,Eibar
GuipÃºzcoa,Elduain
GuipÃºzcoa,Elgeta
GuipÃºzcoa,Elgoibar
GuipÃºzcoa,Errenteria
GuipÃºzcoa,Errezil
GuipÃºzcoa,Eskoriatza
GuipÃºzcoa,Ezkio-Itsaso
GuipÃºzcoa,Gabiria
GuipÃºzcoa,Gaintza
GuipÃºzcoa,Gaztelu
GuipÃºzcoa,Getaria
GuipÃºzcoa,Hernani
GuipÃºzcoa,Hernialde
GuipÃºzcoa,Hondarribia
GuipÃºzcoa,Ibarra
GuipÃºzcoa,Idiazabal
GuipÃºzcoa,Ikaztegieta
GuipÃºzcoa,Irun
GuipÃºzcoa,Irura
GuipÃºzcoa,Itsasondo
GuipÃºzcoa,Larraul
GuipÃºzcoa,Lasarte-Oria
GuipÃºzcoa,Lazkao
GuipÃºzcoa,Leaburu
GuipÃºzcoa,Legazpi
GuipÃºzcoa,Legorreta
GuipÃºzcoa,Leintz-Gatzaga
GuipÃºzcoa,Lezo
GuipÃºzcoa,Lizartza
GuipÃºzcoa,Mendaro
GuipÃºzcoa,Mutiloa
GuipÃºzcoa,Mutriku
GuipÃºzcoa,OÃ±ati
GuipÃºzcoa,Oiartzun
GuipÃºzcoa,Olaberria
GuipÃºzcoa,Ordizia
GuipÃºzcoa,Orendain
GuipÃºzcoa,Orexa
GuipÃºzcoa,Orio
GuipÃºzcoa,Ormaiztegi
GuipÃºzcoa,ParzonerÃ­a de GuipÃºzcoa y Ãlava
GuipÃºzcoa,Pasaia
GuipÃºzcoa,Segura
GuipÃºzcoa,Soraluze
GuipÃºzcoa,Tolosa
GuipÃºzcoa,Urnieta
GuipÃºzcoa,Urretxu
GuipÃºzcoa,Usurbil
GuipÃºzcoa,Villabona
GuipÃºzcoa,Zaldibia
GuipÃºzcoa,Zarautz
GuipÃºzcoa,Zegama
GuipÃºzcoa,Zerain
GuipÃºzcoa,Zestoa
GuipÃºzcoa,Zizurkil
GuipÃºzcoa,Zumaia
GuipÃºzcoa,Zumarraga
Vizcaya,AbadiÃ±o
Vizcaya,Abanto y CiÃ©rvana-Abanto Zierbena
Vizcaya,Ajangiz
Vizcaya,Alonsotegi
Vizcaya,Amorebieta-Etxano
Vizcaya,Amoroto
Vizcaya,Arakaldo
Vizcaya,Arantzazu
Vizcaya,Areatza
Vizcaya,Arrankudiaga
Vizcaya,Arratzu
Vizcaya,Arrieta
Vizcaya,Arrigorriaga
Vizcaya,Artea
Vizcaya,Artzentales
Vizcaya,Atxondo
Vizcaya,Aulesti
Vizcaya,Bakio
Vizcaya,Balmaseda
Vizcaya,Barakaldo
Vizcaya,Barrika
Vizcaya,Basauri
Vizcaya,Bedia
Vizcaya,Berango
Vizcaya,Bermeo
Vizcaya,Berriatua
Vizcaya,Berriz
Vizcaya,Bilbao
Vizcaya,Busturia
Vizcaya,Derio
Vizcaya,Dima
Vizcaya,Durango
Vizcaya,Ea
Vizcaya,Elantxobe
Vizcaya,Elorrio
Vizcaya,Erandio
Vizcaya,EreÃ±o
Vizcaya,Ermua
Vizcaya,Errigoiti
Vizcaya,Etxebarria
Vizcaya,"Etxebarri, Anteiglesia de San Esteban-Etxebarri Doneztebeko Elizatea"
Vizcaya,Forua
Vizcaya,Fruiz
Vizcaya,Galdakao
Vizcaya,Galdames
Vizcaya,Gamiz-Fika
Vizcaya,GÃºeÃ±es
Vizcaya,Garay
Vizcaya,Gatika
Vizcaya,Gautegiz Arteaga
Vizcaya,Gernika-Lumo
Vizcaya,Getxo
Vizcaya,Gizaburuaga
Vizcaya,Gordexola
Vizcaya,Gorliz
Vizcaya,Ibarrangelu
Vizcaya,Igorre
Vizcaya,Ispaster
Vizcaya,Iurreta
Vizcaya,Izurtza
Vizcaya,Karrantza Harana
Vizcaya,Kortezubi
Vizcaya,Lanestosa
Vizcaya,Larrabetzu
Vizcaya,Laukiz
Vizcaya,Leioa
Vizcaya,Lekeitio
Vizcaya,Lemoa
Vizcaya,Lemoiz
Vizcaya,Lezama
Vizcaya,Loiu
Vizcaya,MaÃ±aria
Vizcaya,Mallabia
Vizcaya,Markina-Xemein
Vizcaya,Maruri-Jatabe
Vizcaya,MeÃ±aka
Vizcaya,Mendata
Vizcaya,Mendexa
Vizcaya,Morga
Vizcaya,Mundaka
Vizcaya,Mungai
Vizcaya,Munitibar-Arbatzegi Gerrikaitz
Vizcaya,Murueta
Vizcaya,Muskiz
Vizcaya,Muxika
Vizcaya,Nabarniz
Vizcaya,Ondarroa
Vizcaya,Orozko
Vizcaya,Ortuella
Vizcaya,Otxandio
Vizcaya,Plentzia
Vizcaya,Portugalete
Vizcaya,Santurtzi
Vizcaya,Sestao
Vizcaya,Sondika
Vizcaya,Sopelana
Vizcaya,Sopuerta
Vizcaya,Sukarrieta
Vizcaya,Trucios-Turtzioz
Vizcaya,Ubide
Vizcaya,Ugao-Miraballes
Vizcaya,Urduliz
Vizcaya,Valle de TrÃ¡paga-Trapagaran
Vizcaya,Zaldibar
Vizcaya,Zalla
Vizcaya,Zamudio
Vizcaya,Zaratamo
Vizcaya,Zeanuri
Vizcaya,Zeberio
Vizcaya,Zierbena
